"Fecha","Último","Apertura","Máximo","Mínimo","Vol.","% var."
"15.11.2020","2.145,0","2.020,0","2.159,0","2.020,0","8,01M","7,25%"
"08.11.2020","2.000,0","1.870,0","2.025,0","1.870,0","55,42M","9,11%"
"01.11.2020","1.833,0","1.795,0","1.893,0","1.795,0","27,81M","2,35%"
"25.10.2020","1.791,0","1.851,0","1.851,0","1.615,0","58,85M","-3,71%"
"18.10.2020","1.860,0","1.871,0","1.916,0","1.837,0","34,59M","-1,06%"
"11.10.2020","1.880,0","1.920,0","1.920,0","1.839,0","27,32M","-2,99%"
"04.10.2020","1.938,0","1.933,0","1.972,0","1.866,0","31,50M","1,47%"
"27.09.2020","1.910,0","1.950,0","1.985,0","1.835,0","44,89M","-0,52%"
"20.09.2020","1.920,0","2.060,0","2.065,0","1.910,0","80,32M","-9,22%"
"13.09.2020","2.115,0","2.030,0","2.115,0","1.995,0","65,92M","4,44%"
"06.09.2020","2.025,0","2.130,0","2.155,0","2.005,0","36,87M","-5,59%"
"30.08.2020","2.145,0","2.190,0","2.210,0","2.125,0","64,17M","-1,38%"
"23.08.2020","2.175,0","2.185,0","2.270,0","2.150,0","39,52M","-0,23%"
"16.08.2020","2.180,0","2.180,0","2.220,0","2.140,0","38,49M","-0,91%"
"09.08.2020","2.200,0","2.190,0","2.225,0","2.165,0","16,96M","1,38%"
"02.08.2020","2.170,0","2.150,0","2.260,0","2.100,0","40,34M","4,33%"
"26.07.2020","2.080,0","2.200,0","2.265,0","2.080,0","47,62M","-6,31%"
"19.07.2020","2.220,0","2.190,0","2.260,0","2.185,0","17,91M","0,00%"
"12.07.2020","2.220,0","2.085,0","2.230,0","2.065,0","37,57M","6,73%"
"05.07.2020","2.080,0","2.110,0","2.130,0","2.020,0","43,97M","-0,95%"
"28.06.2020","2.100,0","2.105,0","2.120,0","2.050,0","13,02M","1,45%"
"21.06.2020","2.070,0","2.145,0","2.180,0","2.035,0","22,60M","-3,27%"
"14.06.2020","2.140,0","2.190,0","2.260,0","2.105,0","54,86M","0,71%"
"07.06.2020","2.125,0","2.350,0","2.430,0","2.060,0","46,79M","-9,38%"
"31.05.2020","2.345,0","1.945,0","2.345,0","1.945,0","65,16M","17,84%"
"24.05.2020","1.990,0","2.005,0","2.030,0","1.920,0","50,67M","1,02%"
"17.05.2020","1.970,0","1.990,0","2.075,0","1.935,0","28,92M","2,07%"
"10.05.2020","1.930,0","2.050,0","2.085,0","1.855,0","32,98M","-5,39%"
"03.05.2020","2.040,0","2.000,0","2.085,0","1.900,0","54,42M","-2,39%"
"26.04.2020","2.090,0","1.860,0","2.175,0","1.850,0","45,22M","9,42%"
"19.04.2020","1.910,0","1.940,0","2.135,0","1.750,0","55,50M","-2,05%"
"12.04.2020","1.950,0","2.380,0","2.400,0","1.910,0","61,82M","-17,37%"
"05.04.2020","2.360,0","2.270,0","2.385,0","2.180,0","31,62M","3,96%"
"29.03.2020","2.270,0","1.800,0","2.270,0","1.700,0","59,86M","22,04%"
"22.03.2020","1.860,0","1.480,0","2.010,0","1.480,0","50,34M","25,25%"
"15.03.2020","1.485,0","1.855,0","1.960,0","1.300,0","70,25M","-23,45%"
"08.03.2020","1.940,0","2.950,0","2.950,0","1.905,0","65,56M","-34,57%"
"01.03.2020","2.965,0","3.140,0","3.195,0","2.950,0","60,93M","-4,51%"
"23.02.2020","3.105,0","3.375,0","3.375,0","3.000,0","85,55M","-9,34%"
"16.02.2020","3.425,0","3.325,0","3.495,0","3.315,0","36,56M","3,01%"
"09.02.2020","3.325,0","3.200,0","3.395,0","3.195,0","30,50M","3,42%"
"02.02.2020","3.215,0","3.160,0","3.235,0","3.120,0","31,53M","1,10%"
"26.01.2020","3.180,0","3.285,0","3.285,0","3.140,0","63,58M","-3,34%"
"19.01.2020","3.290,0","3.375,0","3.385,0","3.285,0","20,73M","-2,81%"
"12.01.2020","3.385,0","3.400,0","3.435,0","3.370,0","35,39M","-0,44%"
"05.01.2020","3.400,0","3.390,0","3.410,0","3.300,0","32,51M","0,59%"
"29.12.2019","3.380,0","3.340,0","3.380,0","3.295,0","10,65M","1,20%"
"22.12.2019","3.340,0","3.300,0","3.370,0","3.300,0","6,06M","0,60%"
"15.12.2019","3.320,0","3.330,0","3.345,0","3.230,0","35,54M","-0,15%"
"08.12.2019","3.325,0","3.290,0","3.340,0","3.245,0","20,40M","0,76%"
"01.12.2019","3.300,0","3.250,0","3.340,0","3.175,0","36,23M","0,30%"
"24.11.2019","3.290,0","3.140,0","3.290,0","3.120,0","46,71M","3,79%"
"17.11.2019","3.170,0","3.115,0","3.170,0","3.070,0","19,36M","0,79%"
"10.11.2019","3.145,0","3.160,0","3.190,0","3.035,0","25,84M","0,48%"
"03.11.2019","3.130,0","3.095,0","3.180,0","3.095,0","28,37M","1,29%"
"27.10.2019","3.090,0","3.050,0","3.090,0","3.010,0","31,23M","1,48%"
"20.10.2019","3.045,0","2.910,0","3.050,0","2.875,0","28,01M","4,46%"
"13.10.2019","2.915,0","2.990,0","3.020,0","2.910,0","26,39M","-2,67%"
"06.10.2019","2.995,0","2.955,0","3.015,0","2.895,0","16,36M","1,87%"
"29.09.2019","2.940,0","2.960,0","2.985,0","2.870,0","30,42M","-1,67%"
"22.09.2019","2.990,0","2.995,0","3.010,0","2.910,0","27,81M","-0,66%"
"15.09.2019","3.010,0","2.970,0","3.050,0","2.965,0","82,42M","3,79%"
"08.09.2019","2.900,0","2.840,0","2.960,0","2.840,0","56,45M","2,47%"
"01.09.2019","2.830,0","2.715,0","2.830,0","2.655,0","29,21M","3,28%"
"25.08.2019","2.740,0","2.630,0","2.740,0","2.630,0","46,81M","4,78%"
"18.08.2019","2.615,0","2.765,0","2.795,0","2.615,0","37,70M","-4,91%"
"11.08.2019","2.750,0","2.835,0","2.865,0","2.690,0","45,30M","-3,00%"
"04.08.2019","2.835,0","2.900,0","2.900,0","2.790,0","32,81M","-2,24%"
"28.07.2019","2.900,0","2.975,0","2.995,0","2.900,0","49,14M","-2,68%"
"21.07.2019","2.980,0","3.010,0","3.045,0","2.980,0","43,40M","-1,00%"
"14.07.2019","3.010,0","3.065,0","3.080,0","2.935,0","47,06M","-1,95%"
"07.07.2019","3.070,0","3.015,0","3.110,0","2.975,0","31,80M","1,66%"
"30.06.2019","3.020,0","2.920,0","3.020,0","2.895,0","17,77M","3,42%"
"23.06.2019","2.920,0","3.000,0","3.030,0","2.920,0","14,18M","-3,31%"
"16.06.2019","3.020,0","2.775,0","3.030,0","2.775,0","62,40M","8,24%"
"09.06.2019","2.790,0","2.870,0","2.890,0","2.725,0","30,93M","-2,96%"
"02.06.2019","2.875,0","2.785,0","2.875,0","2.740,0","25,57M","3,98%"
"26.05.2019","2.765,0","2.960,0","2.980,0","2.740,0","52,19M","-7,83%"
"19.05.2019","3.000,0","3.070,0","3.105,0","2.925,0","35,02M","-2,28%"
"12.05.2019","3.070,0","3.050,0","3.120,0","2.985,0","44,89M","0,00%"
"05.05.2019","3.070,0","2.900,0","3.075,0","2.880,0","55,31M","4,96%"
"28.04.2019","2.925,0","3.005,0","3.050,0","2.880,0","29,65M","-2,66%"
"21.04.2019","3.005,0","3.040,0","3.125,0","3.000,0","47,50M","-0,83%"
"14.04.2019","3.030,0","3.260,0","3.295,0","3.030,0","20,70M","-7,48%"
"07.04.2019","3.275,0","3.370,0","3.425,0","3.260,0","46,23M","-2,53%"
"31.03.2019","3.360,0","3.460,0","3.465,0","3.350,0","42,48M","-1,61%"
"24.03.2019","3.415,0","3.460,0","3.525,0","3.345,0","40,41M","-0,44%"
"17.03.2019","3.430,0","3.350,0","3.570,0","3.350,0","40,49M","0,88%"
"10.03.2019","3.400,0","3.150,0","3.400,0","3.145,0","57,90M","8,45%"
"03.03.2019","3.135,0","3.180,0","3.260,0","3.080,0","35,37M","-0,95%"
"24.02.2019","3.165,0","3.060,0","3.280,0","3.045,0","62,47M","2,76%"
"17.02.2019","3.080,0","3.020,0","3.105,0","3.020,0","43,27M","0,82%"
"10.02.2019","3.055,0","2.850,0","3.055,0","2.825,0","48,50M","6,63%"
"03.02.2019","2.865,0","2.910,0","2.970,0","2.845,0","33,62M","-2,39%"
"27.01.2019","2.935,0","2.850,0","2.970,0","2.755,0","54,51M","2,62%"
"20.01.2019","2.860,0","2.895,0","2.930,0","2.815,0","38,23M","-1,21%"
"13.01.2019","2.895,0","2.865,0","2.950,0","2.850,0","34,38M","-0,17%"
"06.01.2019","2.900,0","2.850,0","2.965,0","2.815,0","44,07M","3,57%"
"30.12.2018","2.800,0","2.620,0","2.810,0","2.540,0","13,10M","5,86%"
"23.12.2018","2.645,0","2.640,0","2.730,0","2.520,0","5,30M","-0,75%"
"16.12.2018","2.665,0","2.915,0","2.920,0","2.580,0","35,30M","-9,35%"
"09.12.2018","2.940,0","3.060,0","3.090,0","2.910,0","43,63M","-5,16%"
"02.12.2018","3.100,0","3.160,0","3.300,0","3.030,0","49,30M","-0,16%"
"25.11.2018","3.105,0","3.030,0","3.150,0","3.030,0","44,92M","2,81%"
"18.11.2018","3.020,0","3.255,0","3.255,0","2.990,0","51,94M","-7,79%"
"11.11.2018","3.275,0","3.395,0","3.395,0","3.215,0","40,46M","-4,80%"
"04.11.2018","3.440,0","3.495,0","3.530,0","3.350,0","42,13M","0,29%"
"28.10.2018","3.430,0","3.750,0","3.835,0","3.380,0","86,02M","-8,66%"
"21.10.2018","3.755,0","3.955,0","3.980,0","3.650,0","65,87M","-4,94%"
"14.10.2018","3.950,0","3.920,0","4.005,0","3.840,0","46,72M","0,00%"
"07.10.2018","3.950,0","4.000,0","4.110,0","3.885,0","64,38M","-1,62%"
"30.09.2018","4.015,0","4.040,0","4.190,0","4.000,0","49,27M","-0,37%"
"23.09.2018","4.030,0","3.705,0","4.030,0","3.705,0","65,90M","9,51%"
"16.09.2018","3.680,0","3.785,0","4.000,0","3.680,0","89,92M","-2,90%"
"09.09.2018","3.790,0","3.400,0","3.860,0","3.400,0","91,28M","11,14%"
"02.09.2018","3.410,0","3.400,0","3.465,0","3.350,0","40,81M","-0,29%"
"26.08.2018","3.420,0","3.260,0","3.455,0","3.255,0","48,17M","4,59%"
"19.08.2018","3.270,0","3.100,0","3.295,0","3.100,0","42,87M","5,65%"
"12.08.2018","3.095,0","3.050,0","3.145,0","2.985,0","47,77M","0,81%"
"05.08.2018","3.070,0","3.100,0","3.175,0","2.995,0","30,11M","-0,81%"
"29.07.2018","3.095,0","3.000,0","3.165,0","3.000,0","48,71M","3,69%"
"22.07.2018","2.985,0","2.970,0","3.030,0","2.955,0","32,32M","1,19%"
"15.07.2018","2.950,0","2.935,0","2.990,0","2.880,0","31,02M","-0,51%"
"08.07.2018","2.965,0","2.940,0","3.045,0","2.910,0","47,94M","1,02%"
"01.07.2018","2.935,0","3.025,0","3.050,0","2.850,0","26,30M","-2,98%"
"24.06.2018","3.025,0","2.860,0","3.030,0","2.800,0","50,40M","5,03%"
"17.06.2018","2.880,0","2.980,0","3.050,0","2.830,0","69,21M","-2,70%"
"10.06.2018","2.960,0","3.030,0","3.040,0","2.950,0","45,18M","-2,79%"
"03.06.2018","3.045,0","3.080,0","3.105,0","3.005,0","34,66M","-2,09%"
"27.05.2018","3.110,0","2.940,0","3.145,0","2.855,0","97,30M","5,25%"
"20.05.2018","2.955,0","3.150,0","3.205,0","2.930,0","75,44M","-6,19%"
"13.05.2018","3.150,0","3.145,0","3.315,0","3.145,0","66,59M","0,48%"
"06.05.2018","3.135,0","3.120,0","3.180,0","2.955,0","78,95M","1,29%"
"29.04.2018","3.095,0","3.060,0","3.180,0","3.035,0","65,09M","0,81%"
"22.04.2018","3.070,0","3.000,0","3.145,0","2.945,0","87,13M","1,32%"
"15.04.2018","3.030,0","2.830,0","3.045,0","2.755,0","122,16M","6,88%"
"08.04.2018","2.835,0","2.740,0","3.050,0","2.725,0","93,55M","3,85%"
"01.04.2018","2.730,0","2.645,0","2.770,0","2.645,0","67,91M","4,40%"
"25.03.2018","2.615,0","2.690,0","2.810,0","2.580,0","42,30M","-3,15%"
"18.03.2018","2.700,0","2.600,0","2.750,0","2.600,0","95,44M","4,25%"
"11.03.2018","2.590,0","2.505,0","2.605,0","2.465,0","85,98M","3,39%"
"04.03.2018","2.505,0","2.500,0","2.535,0","2.415,0","63,52M","1,01%"
"25.02.2018","2.480,0","2.630,0","2.735,0","2.435,0","97,79M","-5,52%"
"18.02.2018","2.625,0","2.480,0","2.630,0","2.465,0","72,62M","5,63%"
"11.02.2018","2.485,0","2.445,0","2.545,0","2.350,0","88,33M","1,64%"
"04.02.2018","2.445,0","2.650,0","2.650,0","2.315,0","163,88M","-8,26%"
"28.01.2018","2.665,0","2.740,0","2.775,0","2.650,0","95,11M","-3,44%"
"21.01.2018","2.760,0","2.465,0","2.860,0","2.465,0","131,03M","11,97%"
"14.01.2018","2.465,0","2.345,0","2.490,0","2.315,0","94,09M","3,79%"
"07.01.2018","2.375,0","2.500,0","2.625,0","2.335,0","119,95M","-5,00%"
"31.12.2017","2.500,0","2.200,0","2.510,0","2.175,0","72,18M","13,12%"
"24.12.2017","2.210,0","2.030,0","2.210,0","2.010,0","27,47M","9,14%"
"17.12.2017","2.025,0","1.945,0","2.040,0","1.935,0","42,14M","4,65%"
"10.12.2017","1.935,0","1.790,0","1.950,0","1.790,0","84,13M","8,71%"
"03.12.2017","1.780,0","1.760,0","1.790,0","1.755,0","33,86M","0,28%"
"26.11.2017","1.775,0","1.750,0","1.790,0","1.725,0","50,24M","0,85%"
"19.11.2017","1.760,0","1.755,0","1.790,0","1.700,0","44,01M","0,57%"
"12.11.2017","1.750,0","1.785,0","1.785,0","1.730,0","47,90M","-3,31%"
"05.11.2017","1.810,0","1.715,0","1.850,0","1.715,0","91,79M","6,47%"
"29.10.2017","1.700,0","1.625,0","1.775,0","1.625,0","133,99M","5,59%"
"22.10.2017","1.610,0","1.450,0","1.625,0","1.440,0","146,84M","11,42%"
"15.10.2017","1.445,0","1.430,0","1.475,0","1.430,0","53,47M","1,05%"
"08.10.2017","1.430,0","1.390,0","1.430,0","1.390,0","41,17M","2,14%"
"01.10.2017","1.400,0","1.395,0","1.415,0","1.380,0","40,72M","0,00%"
"24.09.2017","1.400,0","1.385,0","1.420,0","1.385,0","98,07M","1,45%"
"17.09.2017","1.380,0","1.370,0","1.390,0","1.365,0","30,93M","0,73%"
"10.09.2017","1.370,0","1.355,0","1.370,0","1.345,0","51,83M","0,74%"
"03.09.2017","1.360,0","1.365,0","1.380,0","1.350,0","24,69M","-0,73%"
"27.08.2017","1.370,0","1.360,0","1.370,0","1.340,0","48,23M","0,74%"
"20.08.2017","1.360,0","1.360,0","1.380,0","1.360,0","27,25M","-0,73%"
"13.08.2017","1.370,0","1.365,0","1.375,0","1.350,0","36,53M","0,37%"
"06.08.2017","1.365,0","1.380,0","1.400,0","1.365,0","32,62M","-1,44%"
"30.07.2017","1.385,0","1.390,0","1.395,0","1.360,0","38,85M","-0,72%"
"23.07.2017","1.395,0","1.370,0","1.405,0","1.365,0","41,54M","1,45%"
"16.07.2017","1.375,0","1.395,0","1.400,0","1.365,0","23,14M","-1,79%"
"09.07.2017","1.400,0","1.350,0","1.405,0","1.350,0","45,44M","3,32%"
"02.07.2017","1.355,0","1.390,0","1.400,0","1.345,0","27,56M","-1,81%"
"25.06.2017","1.380,0","1.340,0","1.385,0","1.340,0","42,52M","2,99%"
"18.06.2017","1.340,0","1.350,0","1.355,0","1.320,0","43,83M","-1,83%"
"11.06.2017","1.365,0","1.375,0","1.395,0","1.335,0","51,85M","-0,36%"
"04.06.2017","1.370,0","1.335,0","1.400,0","1.335,0","62,32M","2,62%"
"28.05.2017","1.335,0","1.390,0","1.390,0","1.310,0","80,49M","-4,30%"
"21.05.2017","1.395,0","1.430,0","1.440,0","1.385,0","52,58M","-2,79%"
"14.05.2017","1.435,0","1.455,0","1.485,0","1.380,0","85,17M","-0,69%"
"07.05.2017","1.445,0","1.370,0","1.450,0","1.365,0","123,52M","5,86%"
"30.04.2017","1.365,0","1.350,0","1.365,0","1.335,0","82,86M","0,37%"
"23.04.2017","1.360,0","1.375,0","1.385,0","1.335,0","67,34M","-0,37%"
"16.04.2017","1.365,0","1.380,0","1.380,0","1.360,0","81,11M","-2,50%"
"09.04.2017","1.400,0","1.370,0","1.400,0","1.370,0","29,92M","2,56%"
"02.04.2017","1.365,0","1.345,0","1.375,0","1.330,0","66,09M","1,11%"
"26.03.2017","1.350,0","1.315,0","1.350,0","1.300,0","40,71M","2,66%"
"19.03.2017","1.315,0","1.315,0","1.330,0","1.300,0","38,25M","1,15%"
"12.03.2017","1.300,0","1.315,0","1.325,0","1.285,0","62,61M","-1,14%"
"05.03.2017","1.315,0","1.320,0","1.335,0","1.275,0","39,15M","-0,38%"
"26.02.2017","1.320,0","1.320,0","1.335,0","1.295,0","34,12M","0,00%"
"19.02.2017","1.320,0","1.345,0","1.360,0","1.305,0","50,40M","-2,22%"
"12.02.2017","1.350,0","1.370,0","1.380,0","1.340,0","55,88M","-2,17%"
"05.02.2017","1.380,0","1.385,0","1.385,0","1.345,0","97,82M","-0,36%"
"29.01.2017","1.385,0","1.390,0","1.395,0","1.360,0","55,72M","-0,36%"
"22.01.2017","1.390,0","1.385,0","1.410,0","1.370,0","57,69M","0,36%"
"15.01.2017","1.385,0","1.400,0","1.405,0","1.385,0","30,81M","-1,42%"
"08.01.2017","1.405,0","1.380,0","1.425,0","1.375,0","29,46M","0,72%"
"01.01.2017","1.395,0","1.370,0","1.415,0","1.360,0","37,66M","1,09%"
"25.12.2016","1.380,0","1.345,0","1.385,0","1.340,0","10,36M","3,37%"
"18.12.2016","1.335,0","1.375,0","1.400,0","1.330,0","36,76M","-3,26%"
"11.12.2016","1.380,0","1.320,0","1.380,0","1.320,0","75,71M","4,55%"
"04.12.2016","1.320,0","1.330,0","1.345,0","1.300,0","27,75M","0,00%"
"27.11.2016","1.320,0","1.295,0","1.370,0","1.240,0","66,97M","2,33%"
"20.11.2016","1.290,0","1.300,0","1.325,0","1.285,0","26,93M","0,78%"
"13.11.2016","1.280,0","1.270,0","1.310,0","1.270,0","32,39M","0,79%"
"06.11.2016","1.270,0","1.305,0","1.330,0","1.230,0","46,24M","-2,31%"
"30.10.2016","1.300,0","1.315,0","1.335,0","1.285,0","61,65M","-1,14%"
"23.10.2016","1.315,0","1.340,0","1.355,0","1.315,0","47,18M","-2,23%"
"16.10.2016","1.345,0","1.315,0","1.385,0","1.300,0","40,85M","2,28%"
"09.10.2016","1.315,0","1.315,0","1.345,0","1.300,0","40,93M","0,00%"
"02.10.2016","1.315,0","1.250,0","1.330,0","1.200,0","71,91M","5,20%"
"25.09.2016","1.250,0","1.225,0","1.270,0","1.160,0","69,39M","2,88%"
"18.09.2016","1.215,0","1.250,0","1.255,0","1.185,0","63,09M","-1,22%"
"11.09.2016","1.230,0","1.360,0","1.360,0","1.230,0","75,13M","-9,56%"
"04.09.2016","1.360,0","1.320,0","1.400,0","1.320,0","69,19M","3,03%"
"28.08.2016","1.320,0","1.315,0","1.335,0","1.285,0","36,04M","0,00%"
"21.08.2016","1.320,0","1.320,0","1.340,0","1.265,0","47,64M","0,00%"
"14.08.2016","1.320,0","1.235,0","1.335,0","1.230,0","44,51M","8,20%"
"07.08.2016","1.220,0","1.245,0","1.260,0","1.215,0","36,06M","-0,81%"
"31.07.2016","1.230,0","1.280,0","1.300,0","1.200,0","46,25M","-5,38%"
"24.07.2016","1.300,0","1.355,0","1.355,0","1.285,0","44,62M","-4,41%"
"17.07.2016","1.360,0","1.390,0","1.410,0","1.350,0","47,13M","-2,86%"
"10.07.2016","1.400,0","1.360,0","1.415,0","1.350,0","37,40M","3,70%"
"03.07.2016","1.350,0","1.390,0","1.405,0","1.350,0","31,93M","-3,91%"
"26.06.2016","1.405,0","1.385,0","1.405,0","1.365,0","33,27M","0,36%"
"19.06.2016","1.400,0","1.430,0","1.435,0","1.360,0","58,85M","-1,06%"
"12.06.2016","1.415,0","1.410,0","1.430,0","1.380,0","55,88M","0,35%"
"05.06.2016","1.410,0","1.375,0","1.465,0","1.375,0","58,46M","2,92%"
"29.05.2016","1.370,0","1.400,0","1.405,0","1.320,0","46,09M","-1,79%"
"22.05.2016","1.395,0","1.390,0","1.425,0","1.370,0","51,12M","-0,36%"
"15.05.2016","1.400,0","1.420,0","1.470,0","1.370,0","73,69M","-0,36%"
"08.05.2016","1.405,0","1.375,0","1.435,0","1.365,0","42,36M","0,72%"
"01.05.2016","1.395,0","1.410,0","1.445,0","1.330,0","75,77M","-1,41%"
"24.04.2016","1.415,0","1.445,0","1.485,0","1.405,0","103,54M","-1,39%"
"17.04.2016","1.435,0","1.345,0","1.470,0","1.295,0","109,80M","6,30%"
"10.04.2016","1.350,0","1.280,0","1.425,0","1.280,0","83,97M","5,47%"
"03.04.2016","1.280,0","1.300,0","1.320,0","1.220,0","77,53M","-1,54%"
"27.03.2016","1.300,0","1.300,0","1.320,0","1.235,0","73,17M","-2,99%"
"20.03.2016","1.340,0","1.320,0","1.350,0","1.300,0","32,21M","1,13%"
"13.03.2016","1.325,0","1.340,0","1.395,0","1.270,0","90,04M","-2,57%"
"06.03.2016","1.360,0","1.320,0","1.435,0","1.300,0","133,73M","-0,37%"
"28.02.2016","1.365,0","1.165,0","1.385,0","1.140,0","145,14M","17,67%"
"21.02.2016","1.160,0","1.155,0","1.195,0","1.115,0","123,99M","2,65%"
"14.02.2016","1.130,0","1.070,0","1.190,0","1.040,0","113,66M","6,10%"
"07.02.2016","1.065,0","1.035,0","1.065,0","1.000,0","96,50M","1,91%"
"31.01.2016","1.045,0","1.000,0","1.080,0","975,0","77,95M","1,46%"
"24.01.2016","1.030,0","1.010,0","1.060,0","950,0","84,25M","0,98%"
"17.01.2016","1.020,0","970,0","1.020,0","880,0","65,60M","4,29%"
"10.01.2016","978,0","1.005,0","1.005,0","947,0","39,54M","-3,65%"
"03.01.2016","1.015,0","1.120,0","1.140,0","1.010,0","23,76M","-8,56%"
"27.12.2015","1.110,0","1.170,0","1.195,0","1.100,0","7,42M","-5,13%"
"20.12.2015","1.170,0","1.175,0","1.230,0","1.135,0","18,55M","-4,88%"
"13.12.2015","1.230,0","1.085,0","1.230,0","1.080,0","50,40M","11,31%"
"06.12.2015","1.105,0","1.185,0","1.195,0","1.100,0","24,70M","-8,30%"
"29.11.2015","1.205,0","1.320,0","1.340,0","1.195,0","62,90M","-7,31%"
"22.11.2015","1.300,0","1.300,0","1.370,0","1.290,0","43,70M","0,39%"
"15.11.2015","1.295,0","1.390,0","1.395,0","1.290,0","37,97M","-4,07%"
"08.11.2015","1.350,0","1.410,0","1.420,0","1.310,0","38,62M","-4,26%"
"01.11.2015","1.410,0","1.385,0","1.425,0","1.385,0","44,41M","4,44%"
"25.10.2015","1.350,0","1.365,0","1.390,0","1.320,0","28,34M","-1,46%"
"18.10.2015","1.370,0","1.445,0","1.445,0","1.355,0","39,55M","-6,16%"
"11.10.2015","1.460,0","1.495,0","1.510,0","1.440,0","42,96M","-2,67%"
"04.10.2015","1.500,0","1.350,0","1.535,0","1.350,0","76,55M","11,94%"
"27.09.2015","1.340,0","1.340,0","1.385,0","1.285,0","34,44M","-0,74%"
"20.09.2015","1.350,0","1.430,0","1.440,0","1.340,0","24,26M","-5,26%"
"13.09.2015","1.425,0","1.415,0","1.460,0","1.385,0","56,95M","1,42%"
"06.09.2015","1.405,0","1.495,0","1.515,0","1.395,0","36,74M","-6,33%"
"30.08.2015","1.500,0","1.545,0","1.595,0","1.485,0","52,48M","-2,91%"
"23.08.2015","1.545,0","1.445,0","1.605,0","1.395,0","58,37M","5,82%"
"16.08.2015","1.460,0","1.505,0","1.515,0","1.440,0","42,28M","-3,31%"
"09.08.2015","1.510,0","1.520,0","1.545,0","1.490,0","57,22M","-3,51%"
"02.08.2015","1.565,0","1.605,0","1.605,0","1.520,0","31,71M","-2,80%"
"26.07.2015","1.610,0","1.575,0","1.660,0","1.545,0","71,70M","1,58%"
"19.07.2015","1.585,0","1.605,0","1.640,0","1.580,0","25,35M","-1,55%"
"12.07.2015","1.610,0","1.605,0","1.655,0","1.600,0","49,84M","-0,92%"
"05.07.2015","1.625,0","1.650,0","1.655,0","1.565,0","56,40M","-1,52%"
"28.06.2015","1.650,0","1.695,0","1.730,0","1.645,0","21,74M","-3,51%"
"21.06.2015","1.710,0","1.625,0","1.760,0","1.625,0","46,73M","4,59%"
"14.06.2015","1.635,0","1.750,0","1.750,0","1.625,0","54,39M","-8,66%"
"07.06.2015","1.790,0","1.835,0","1.870,0","1.785,0","50,96M","-1,38%"
"31.05.2015","1.815,0","1.825,0","1.845,0","1.785,0","42,99M","0,00%"
"24.05.2015","1.815,0","1.935,0","1.940,0","1.800,0","44,03M","-6,20%"
"17.05.2015","1.935,0","1.940,0","1.945,0","1.865,0","27,49M","-1,53%"
"10.05.2015","1.965,0","1.950,0","2.020,0","1.875,0","58,16M","1,29%"
"03.05.2015","1.940,0","2.030,0","2.105,0","1.935,0","56,08M","-4,43%"
"26.04.2015","2.030,0","2.065,0","2.090,0","2.030,0","24,73M","-1,46%"
"19.04.2015","2.060,0","2.050,0","2.085,0","1.975,0","36,60M","0,00%"
"12.04.2015","2.060,0","2.035,0","2.110,0","2.025,0","61,26M","1,98%"
"05.04.2015","2.020,0","1.985,0","2.080,0","1.985,0","64,15M","1,00%"
"29.03.2015","2.000,0","1.985,0","2.010,0","1.955,0","18,39M","1,52%"
"22.03.2015","1.970,0","1.990,0","2.005,0","1.935,0","51,27M","-0,25%"
"15.03.2015","1.975,0","1.880,0","1.975,0","1.795,0","85,76M","5,05%"
"08.03.2015","1.880,0","1.875,0","1.880,0","1.750,0","57,46M","0,27%"
"01.03.2015","1.875,0","2.095,0","2.095,0","1.860,0","43,43M","-10,07%"
"22.02.2015","2.085,0","2.100,0","2.175,0","2.065,0","38,01M","-1,18%"
"15.02.2015","2.110,0","2.180,0","2.230,0","2.095,0","41,35M","-4,09%"
"08.02.2015","2.200,0","2.220,0","2.235,0","1.980,0","80,25M","-0,68%"
"01.02.2015","2.215,0","1.960,0","2.335,0","1.960,0","107,88M","13,30%"
"25.01.2015","1.955,0","2.000,0","2.045,0","1.920,0","68,30M","-2,74%"
"18.01.2015","2.010,0","1.880,0","2.010,0","1.840,0","42,47M","6,91%"
"11.01.2015","1.880,0","1.920,0","1.940,0","1.830,0","51,31M","-4,33%"
"04.01.2015","1.965,0","1.935,0","1.965,0","1.795,0","39,54M","0,51%"
"28.12.2014","1.955,0","2.100,0","2.100,0","1.940,0","15,94M","-6,24%"
"21.12.2014","2.085,0","2.000,0","2.130,0","1.940,0","35,80M","4,25%"
"14.12.2014","2.000,0","1.870,0","2.085,0","1.750,0","61,91M","6,95%"
"07.12.2014","1.870,0","2.075,0","2.080,0","1.835,0","44,25M","-14,02%"
"30.11.2014","2.175,0","2.280,0","2.310,0","2.135,0","47,82M","-5,02%"
"23.11.2014","2.290,0","2.715,0","2.715,0","2.230,0","35,34M","-15,65%"
"16.11.2014","2.715,0","2.670,0","2.760,0","2.645,0","47,48M","1,88%"
"09.11.2014","2.665,0","2.700,0","2.730,0","2.590,0","54,49M","-0,93%"
"02.11.2014","2.690,0","2.730,0","2.735,0","2.555,0","59,09M","-2,18%"
"26.10.2014","2.750,0","2.910,0","2.950,0","2.730,0","44,22M","-6,46%"
"19.10.2014","2.940,0","3.010,0","3.050,0","2.910,0","35,46M","-2,33%"
"12.10.2014","3.010,0","2.920,0","3.095,0","2.900,0","41,80M","3,08%"
"05.10.2014","2.920,0","3.135,0","3.160,0","2.920,0","56,90M","-6,11%"
"28.09.2014","3.110,0","3.210,0","3.210,0","3.100,0","24,58M","-3,12%"
"21.09.2014","3.210,0","3.360,0","3.360,0","3.185,0","26,04M","-4,46%"
"14.09.2014","3.360,0","3.340,0","3.380,0","3.285,0","27,08M","0,45%"
"07.09.2014","3.345,0","3.355,0","3.395,0","3.315,0","28,28M","-0,59%"
"31.08.2014","3.365,0","3.320,0","3.420,0","3.320,0","36,41M","1,20%"
"24.08.2014","3.325,0","3.200,0","3.335,0","3.185,0","42,19M","4,23%"
"17.08.2014","3.190,0","3.145,0","3.255,0","3.145,0","27,09M","1,75%"
"10.08.2014","3.135,0","3.270,0","3.270,0","3.090,0","50,73M","-3,39%"
"03.08.2014","3.245,0","3.130,0","3.295,0","3.130,0","35,17M","3,67%"
"27.07.2014","3.130,0","3.255,0","3.300,0","3.120,0","41,01M","-3,40%"
"20.07.2014","3.240,0","3.310,0","3.325,0","3.180,0","26,91M","-1,97%"
"13.07.2014","3.305,0","3.250,0","3.345,0","3.150,0","47,22M","1,69%"
"06.07.2014","3.250,0","3.330,0","3.360,0","3.100,0","61,86M","-2,11%"
"29.06.2014","3.320,0","3.410,0","3.410,0","3.305,0","17,58M","-2,64%"
"22.06.2014","3.410,0","3.490,0","3.510,0","3.360,0","21,99M","-2,01%"
"15.06.2014","3.480,0","3.650,0","3.650,0","3.460,0","47,06M","-4,53%"
"08.06.2014","3.645,0","3.490,0","3.670,0","3.490,0","49,00M","4,14%"
"01.06.2014","3.500,0","3.475,0","3.520,0","3.445,0","16,54M","2,04%"
"25.05.2014","3.430,0","3.515,0","3.540,0","3.430,0","29,43M","-2,42%"
"18.05.2014","3.515,0","3.590,0","3.655,0","3.495,0","33,21M","-2,63%"
"11.05.2014","3.610,0","3.535,0","3.610,0","3.480,0","34,33M","2,41%"
"04.05.2014","3.525,0","3.555,0","3.570,0","3.415,0","29,87M","-0,84%"
"27.04.2014","3.555,0","3.540,0","3.605,0","3.445,0","44,29M","0,28%"
"20.04.2014","3.545,0","3.850,0","3.885,0","3.495,0","38,92M","-8,75%"
"13.04.2014","3.885,0","3.935,0","3.985,0","3.860,0","21,37M","-1,02%"
"06.04.2014","3.925,0","3.980,0","4.000,0","3.805,0","49,20M","-1,13%"
"30.03.2014","3.970,0","3.980,0","4.060,0","3.960,0","47,76M","-0,13%"
"23.03.2014","3.975,0","3.750,0","3.990,0","3.750,0","43,39M","6,85%"
"16.03.2014","3.720,0","3.600,0","3.755,0","3.595,0","29,26M","3,33%"
"09.03.2014","3.600,0","3.630,0","3.685,0","3.590,0","22,30M","-0,83%"
"02.03.2014","3.630,0","3.495,0","3.690,0","3.430,0","31,72M","3,71%"
"23.02.2014","3.500,0","3.615,0","3.640,0","3.395,0","42,45M","-3,05%"
"16.02.2014","3.610,0","3.650,0","3.770,0","3.605,0","41,54M","-1,23%"
"09.02.2014","3.655,0","3.595,0","3.700,0","3.520,0","36,85M","1,81%"
"02.02.2014","3.590,0","3.520,0","3.660,0","3.480,0","45,06M","1,99%"
"26.01.2014","3.520,0","3.400,0","3.520,0","3.400,0","42,08M","3,83%"
"19.01.2014","3.390,0","3.485,0","3.550,0","3.380,0","38,83M","-2,73%"
"12.01.2014","3.485,0","3.415,0","3.510,0","3.330,0","60,11M","2,05%"
"05.01.2014","3.415,0","3.660,0","3.660,0","3.400,0","28,51M","-6,44%"
"29.12.2013","3.650,0","3.770,0","3.770,0","3.650,0","7,44M","-2,41%"
"22.12.2013","3.740,0","3.795,0","3.805,0","3.730,0","11,57M","-1,32%"
"15.12.2013","3.790,0","4.130,0","4.130,0","3.660,0","80,65M","-8,23%"
"08.12.2013","4.130,0","4.120,0","4.190,0","4.100,0","28,52M","0,73%"
"01.12.2013","4.100,0","3.955,0","4.125,0","3.935,0","36,04M","4,19%"
"24.11.2013","3.935,0","4.030,0","4.050,0","3.880,0","28,22M","-2,72%"
"17.11.2013","4.045,0","4.090,0","4.110,0","4.015,0","21,28M","-1,58%"
"10.11.2013","4.110,0","4.180,0","4.215,0","3.985,0","36,74M","-2,95%"
"03.11.2013","4.235,0","4.460,0","4.490,0","4.200,0","17,17M","-5,26%"
"27.10.2013","4.470,0","4.570,0","4.585,0","4.465,0","19,66M","-2,61%"
"20.10.2013","4.590,0","4.565,0","4.610,0","4.490,0","26,25M","0,44%"
"13.10.2013","4.570,0","4.400,0","4.570,0","4.400,0","35,80M","4,22%"
"06.10.2013","4.385,0","4.320,0","4.415,0","4.315,0","20,48M","1,39%"
"29.09.2013","4.325,0","4.405,0","4.410,0","4.325,0","17,93M","-2,26%"
"22.09.2013","4.425,0","4.435,0","4.465,0","4.405,0","16,77M","-0,34%"
"15.09.2013","4.440,0","4.460,0","4.515,0","4.390,0","23,94M","-0,22%"
"08.09.2013","4.450,0","4.400,0","4.525,0","4.400,0","28,91M","1,37%"
"01.09.2013","4.390,0","4.330,0","4.445,0","4.330,0","29,82M","1,27%"
"25.08.2013","4.335,0","4.350,0","4.500,0","4.335,0","36,85M","-0,34%"
"18.08.2013","4.350,0","4.350,0","4.440,0","4.325,0","14,34M","-0,46%"
"11.08.2013","4.370,0","4.335,0","4.375,0","4.300,0","25,37M","0,69%"
"04.08.2013","4.340,0","4.310,0","4.470,0","4.310,0","38,44M","0,23%"
"28.07.2013","4.330,0","4.330,0","4.365,0","4.200,0","30,44M","0,12%"
"21.07.2013","4.325,0","4.320,0","4.410,0","4.280,0","27,91M","-0,12%"
"14.07.2013","4.330,0","4.055,0","4.380,0","4.040,0","51,14M","6,65%"
"07.07.2013","4.060,0","4.045,0","4.080,0","3.875,0","29,68M","0,62%"
"30.06.2013","4.035,0","4.100,0","4.135,0","3.995,0","21,71M","-1,10%"
"23.06.2013","4.080,0","3.970,0","4.080,0","3.845,0","32,50M","2,64%"
"16.06.2013","3.975,0","4.000,0","4.180,0","3.940,0","43,99M","-0,63%"
"09.06.2013","4.000,0","4.105,0","4.115,0","3.930,0","33,28M","-3,26%"
"02.06.2013","4.135,0","4.100,0","4.135,0","4.065,0","23,20M","1,35%"
"26.05.2013","4.080,0","4.165,0","4.265,0","4.080,0","47,83M","-1,81%"
"19.05.2013","4.155,0","4.070,0","4.180,0","3.905,0","62,40M","1,96%"
"12.05.2013","4.075,0","4.135,0","4.170,0","4.070,0","20,95M","-1,45%"
"05.05.2013","4.135,0","4.275,0","4.275,0","4.080,0","37,72M","-4,28%"
"28.04.2013","4.320,0","4.335,0","4.390,0","4.275,0","40,86M","-0,35%"
"21.04.2013","4.335,0","4.365,0","4.450,0","4.325,0","47,85M","-0,23%"
"14.04.2013","4.345,0","4.450,0","4.460,0","4.225,0","66,92M","-2,36%"
"07.04.2013","4.450,0","5.050,0","5.050,0","4.450,0","60,43M","-11,35%"
"31.03.2013","5.020,0","5.030,0","5.030,0","4.880,0","34,24M","-0,59%"
"24.03.2013","5.050,0","5.040,0","5.090,0","5.030,0","7,80M","0,40%"
"17.03.2013","5.030,0","5.070,0","5.080,0","4.895,0","53,02M","-1,37%"
"10.03.2013","5.100,0","5.130,0","5.190,0","5.050,0","30,86M","-0,78%"
"03.03.2013","5.140,0","5.200,0","5.220,0","5.030,0","35,35M","-1,15%"
"24.02.2013","5.200,0","5.270,0","5.380,0","5.180,0","36,21M","-0,76%"
"17.02.2013","5.240,0","5.400,0","5.420,0","5.120,0","60,36M","-3,14%"
"10.02.2013","5.410,0","5.480,0","5.510,0","5.400,0","21,01M","-1,64%"
"03.02.2013","5.500,0","5.620,0","5.740,0","5.450,0","44,79M","-2,65%"
"27.01.2013","5.650,0","5.600,0","5.670,0","5.560,0","31,00M","0,89%"
"20.01.2013","5.600,0","5.480,0","5.630,0","5.460,0","29,88M","2,00%"
"13.01.2013","5.490,0","5.450,0","5.490,0","5.430,0","27,63M","0,73%"
"06.01.2013","5.450,0","5.510,0","5.510,0","5.420,0","14,59M","-1,27%"
"30.12.2012","5.520,0","5.460,0","5.520,0","5.330,0","9,77M","1,10%"
"23.12.2012","5.460,0","5.380,0","5.500,0","5.360,0","15,09M","1,11%"
"16.12.2012","5.400,0","5.330,0","5.400,0","5.290,0","34,08M","1,12%"
"09.12.2012","5.340,0","5.230,0","5.340,0","5.220,0","21,99M","2,10%"
"02.12.2012","5.230,0","5.300,0","5.320,0","5.200,0","22,65M","-1,13%"
"25.11.2012","5.290,0","5.340,0","5.340,0","5.250,0","20,33M","-1,31%"
"18.11.2012","5.360,0","5.280,0","5.380,0","5.280,0","12,16M","1,52%"
"11.11.2012","5.280,0","5.160,0","5.290,0","5.110,0","18,07M","1,73%"
"04.11.2012","5.190,0","5.250,0","5.340,0","5.120,0","28,30M","-1,89%"
"28.10.2012","5.290,0","5.790,0","5.790,0","5.200,0","47,83M","-8,64%"
"21.10.2012","5.790,0","5.710,0","5.790,0","5.620,0","28,07M","1,40%"
"14.10.2012","5.710,0","5.500,0","5.740,0","5.500,0","37,85M","4,58%"
"07.10.2012","5.460,0","5.310,0","5.480,0","5.310,0","26,22M","2,25%"
"30.09.2012","5.340,0","5.290,0","5.380,0","5.250,0","28,88M","0,75%"
"23.09.2012","5.300,0","5.290,0","5.300,0","5.200,0","28,99M","0,00%"
"16.09.2012","5.300,0","5.280,0","5.330,0","5.190,0","23,56M","0,00%"
"09.09.2012","5.300,0","5.280,0","5.370,0","5.150,0","34,00M","0,38%"
"02.09.2012","5.280,0","5.250,0","5.320,0","5.130,0","19,31M","0,19%"
"26.08.2012","5.270,0","5.340,0","5.370,0","5.250,0","18,72M","-1,13%"
"19.08.2012","5.330,0","5.430,0","5.460,0","5.320,0","14,89M","-1,84%"
"12.08.2012","5.430,0","5.280,0","5.480,0","5.240,0","34,63M","2,26%"
"05.08.2012","5.310,0","5.250,0","5.350,0","5.130,0","27,71M","0,38%"
"29.07.2012","5.290,0","5.090,0","5.310,0","5.060,0","40,43M","2,92%"
"22.07.2012","5.140,0","4.980,0","5.140,0","4.870,0","66,71M","3,11%"
"15.07.2012","4.985,0","4.960,0","5.050,0","4.940,0","26,47M","0,30%"
"08.07.2012","4.970,0","4.970,0","5.040,0","4.930,0","25,41M","-0,60%"
"01.07.2012","5.000,0","5.000,0","5.060,0","4.870,0","27,20M","0,30%"
"24.06.2012","4.985,0","5.010,0","5.050,0","4.760,0","54,04M","-1,87%"
"17.06.2012","5.080,0","5.310,0","5.470,0","5.030,0","44,11M","-3,97%"
"10.06.2012","5.290,0","5.200,0","5.320,0","5.100,0","20,23M","1,15%"
"03.06.2012","5.230,0","5.340,0","5.340,0","5.200,0","28,81M","-2,06%"
"27.05.2012","5.340,0","5.300,0","5.470,0","5.220,0","47,26M","0,75%"
"20.05.2012","5.300,0","5.330,0","5.440,0","5.210,0","52,74M","-0,56%"
"13.05.2012","5.330,0","5.550,0","5.550,0","5.290,0","41,02M","-4,14%"
"06.05.2012","5.560,0","5.550,0","5.700,0","5.530,0","55,96M","-0,71%"
"29.04.2012","5.600,0","5.570,0","5.930,0","5.560,0","53,63M","0,36%"
"22.04.2012","5.580,0","5.250,0","5.600,0","5.220,0","45,31M","6,08%"
"15.04.2012","5.260,0","5.580,0","5.800,0","5.240,0","86,50M","-5,73%"
"08.04.2012","5.580,0","5.580,0","5.750,0","5.460,0","39,00M","-0,53%"
"01.04.2012","5.610,0","5.420,0","5.610,0","5.400,0","15,60M","3,31%"
"25.03.2012","5.430,0","5.380,0","5.540,0","5.330,0","51,97M","1,31%"
"18.03.2012","5.360,0","5.290,0","5.360,0","5.190,0","37,36M","2,88%"
"11.03.2012","5.210,0","5.140,0","5.410,0","5.100,0","53,49M","1,17%"
"04.03.2012","5.150,0","5.200,0","5.230,0","5.120,0","32,15M","-1,34%"
"26.02.2012","5.220,0","4.975,0","5.360,0","4.965,0","109,86M","4,71%"
"19.02.2012","4.985,0","5.010,0","5.070,0","4.895,0","60,78M","-1,48%"
"12.02.2012","5.060,0","4.730,0","5.080,0","4.730,0","72,43M","6,98%"
"05.02.2012","4.730,0","4.640,0","4.745,0","4.615,0","44,08M","1,72%"
"29.01.2012","4.650,0","4.510,0","4.730,0","4.465,0","55,98M","2,88%"
"22.01.2012","4.520,0","4.570,0","4.595,0","4.505,0","40,43M","-1,09%"
"15.01.2012","4.570,0","4.405,0","4.645,0","4.370,0","76,08M","2,01%"
"08.01.2012","4.480,0","4.330,0","4.545,0","4.170,0","83,85M","3,58%"
"01.01.2012","4.325,0","4.200,0","4.330,0","4.195,0","23,34M","2,61%"
"25.12.2011","4.215,0","4.230,0","4.300,0","4.195,0","15,44M","-1,63%"
"18.12.2011","4.285,0","4.160,0","4.305,0","4.135,0","72,79M","2,63%"
"11.12.2011","4.175,0","4.165,0","4.195,0","4.100,0","34,03M","0,12%"
"04.12.2011","4.170,0","4.200,0","4.235,0","4.000,0","28,14M","-0,60%"
"27.11.2011","4.195,0","3.920,0","4.195,0","3.920,0","59,10M","7,29%"
"20.11.2011","3.910,0","3.970,0","3.975,0","3.850,0","24,95M","-1,64%"
"13.11.2011","3.975,0","4.010,0","4.035,0","3.960,0","21,15M","-1,12%"
"06.11.2011","4.020,0","4.040,0","4.080,0","4.005,0","22,88M","-0,12%"
"30.10.2011","4.025,0","4.030,0","4.050,0","3.925,0","33,53M","-0,74%"
"23.10.2011","4.055,0","4.010,0","4.085,0","3.980,0","39,82M","1,50%"
"16.10.2011","3.995,0","3.945,0","4.015,0","3.900,0","39,98M","1,40%"
"09.10.2011","3.940,0","3.930,0","3.960,0","3.875,0","28,56M","1,42%"
"02.10.2011","3.885,0","3.870,0","3.960,0","3.700,0","41,24M","0,65%"
"25.09.2011","3.860,0","3.830,0","3.965,0","3.760,0","25,36M","0,92%"
"18.09.2011","3.825,0","4.100,0","4.160,0","3.800,0","51,23M","-7,16%"
"11.09.2011","4.120,0","3.815,0","4.175,0","3.800,0","44,12M","7,43%"
"04.09.2011","3.835,0","3.850,0","3.900,0","3.765,0","19,77M","-1,29%"
"28.08.2011","3.885,0","3.685,0","3.900,0","3.685,0","30,23M","5,57%"
"21.08.2011","3.680,0","3.610,0","3.700,0","3.600,0","27,06M","1,94%"
"14.08.2011","3.610,0","3.730,0","3.750,0","3.590,0","49,08M","-2,70%"
"07.08.2011","3.710,0","3.620,0","3.720,0","3.580,0","63,52M","1,37%"
"31.07.2011","3.660,0","3.735,0","3.750,0","3.600,0","60,81M","-2,01%"
"24.07.2011","3.735,0","3.710,0","3.845,0","3.710,0","55,06M","0,81%"
"17.07.2011","3.705,0","3.555,0","3.730,0","3.555,0","16,71M","3,64%"
"10.07.2011","3.575,0","3.680,0","3.700,0","3.550,0","23,80M","-3,38%"
"03.07.2011","3.700,0","3.875,0","3.895,0","3.665,0","31,92M","-4,52%"
"26.06.2011","3.875,0","3.820,0","3.890,0","3.785,0","30,24M","1,71%"
"19.06.2011","3.810,0","3.815,0","3.820,0","3.740,0","15,86M","-0,13%"
"12.06.2011","3.815,0","4.005,0","4.035,0","3.805,0","34,48M","-4,63%"
"05.06.2011","4.000,0","4.035,0","4.055,0","3.985,0","31,92M","-0,37%"
"29.05.2011","4.015,0","3.950,0","4.080,0","3.940,0","49,29M","1,65%"
"22.05.2011","3.950,0","3.910,0","3.980,0","3.885,0","24,65M","0,25%"
"15.05.2011","3.940,0","3.865,0","3.970,0","3.825,0","32,63M","1,81%"
"08.05.2011","3.870,0","3.765,0","3.920,0","3.745,0","41,88M","2,93%"
"01.05.2011","3.760,0","3.840,0","3.880,0","3.710,0","23,33M","-1,05%"
"24.04.2011","3.800,0","3.750,0","3.870,0","3.730,0","19,84M","1,88%"
"17.04.2011","3.730,0","3.650,0","3.730,0","3.585,0","5,35M","1,63%"
"10.04.2011","3.670,0","3.750,0","3.765,0","3.610,0","20,45M","-2,52%"
"03.04.2011","3.765,0","3.860,0","3.920,0","3.765,0","25,61M","-2,59%"
"27.03.2011","3.865,0","3.840,0","3.915,0","3.820,0","22,41M","1,44%"
"20.03.2011","3.810,0","3.835,0","3.945,0","3.785,0","16,78M","-0,39%"
"13.03.2011","3.825,0","3.855,0","3.965,0","3.735,0","27,42M","-1,80%"
"06.03.2011","3.895,0","4.070,0","4.110,0","3.845,0","37,56M","-4,06%"
"27.02.2011","4.060,0","3.955,0","4.065,0","3.945,0","51,05M","2,65%"
"20.02.2011","3.955,0","3.770,0","3.985,0","3.750,0","50,09M","5,47%"
"13.02.2011","3.750,0","3.900,0","3.950,0","3.735,0","24,17M","-3,85%"
"06.02.2011","3.900,0","3.915,0","3.990,0","3.870,0","21,88M","-0,38%"
"30.01.2011","3.915,0","3.970,0","4.045,0","3.890,0","26,53M","-1,26%"
"23.01.2011","3.965,0","3.910,0","4.000,0","3.850,0","19,24M","1,02%"
"16.01.2011","3.925,0","4.005,0","4.075,0","3.910,0","21,62M","-2,24%"
"09.01.2011","4.015,0","3.885,0","4.085,0","3.825,0","27,39M","3,21%"
"02.01.2011","3.890,0","4.100,0","4.100,0","3.800,0","21,24M","-5,12%"
"26.12.2010","4.100,0","4.110,0","4.190,0","4.025,0","36,80M","-0,12%"
"19.12.2010","4.105,0","4.015,0","4.115,0","3.985,0","56,93M","2,11%"
"12.12.2010","4.020,0","4.100,0","4.200,0","4.015,0","44,60M","-1,23%"
"05.12.2010","4.070,0","4.000,0","4.140,0","3.990,0","32,30M","1,24%"
"28.11.2010","4.020,0","3.920,0","4.060,0","3.725,0","71,50M","2,16%"
"21.11.2010","3.935,0","4.120,0","4.215,0","3.800,0","56,27M","-3,79%"
"14.11.2010","4.090,0","4.105,0","4.300,0","3.880,0","85,91M","-1,33%"
"07.11.2010","4.145,0","4.670,0","4.745,0","4.145,0","72,30M","-10,48%"
"31.10.2010","4.630,0","4.450,0","4.670,0","4.420,0","28,45M","4,99%"
"24.10.2010","4.410,0","4.345,0","4.420,0","4.245,0","45,70M","1,61%"
"17.10.2010","4.340,0","4.150,0","4.360,0","4.150,0","53,09M","4,83%"
"10.10.2010","4.140,0","4.070,0","4.210,0","4.050,0","54,26M","2,10%"
"03.10.2010","4.055,0","3.735,0","4.100,0","3.715,0","82,10M","8,86%"
"26.09.2010","3.725,0","3.585,0","3.800,0","3.580,0","50,65M","3,91%"
"19.09.2010","3.585,0","3.530,0","3.685,0","3.530,0","45,22M","1,56%"
"12.09.2010","3.530,0","3.700,0","3.735,0","3.515,0","55,67M","-4,34%"
"05.09.2010","3.690,0","3.505,0","3.835,0","3.505,0","60,32M","5,43%"
"29.08.2010","3.500,0","3.450,0","3.625,0","3.400,0","43,50M","1,89%"
"22.08.2010","3.435,0","3.310,0","3.445,0","3.300,0","32,66M","4,09%"
"15.08.2010","3.300,0","3.345,0","3.360,0","3.290,0","26,66M","-0,60%"
"08.08.2010","3.320,0","3.400,0","3.405,0","3.215,0","45,45M","-1,34%"
"01.08.2010","3.365,0","3.135,0","3.450,0","3.120,0","67,88M","8,37%"
"25.07.2010","3.105,0","3.115,0","3.170,0","3.080,0","50,00M","0,65%"
"18.07.2010","3.085,0","2.995,0","3.150,0","2.990,0","47,56M","3,18%"
"11.07.2010","2.990,0","2.830,0","3.025,0","2.830,0","73,65M","5,84%"
"04.07.2010","2.825,0","2.725,0","2.830,0","2.725,0","32,08M","3,67%"
"27.06.2010","2.725,0","2.760,0","2.770,0","2.720,0","9,29M","-1,80%"
"20.06.2010","2.775,0","2.765,0","2.785,0","2.715,0","17,11M","0,36%"
"13.06.2010","2.765,0","2.710,0","2.765,0","2.710,0","16,53M","2,03%"
"06.06.2010","2.710,0","2.690,0","2.720,0","2.660,0","12,10M","0,74%"
"30.05.2010","2.690,0","2.700,0","2.740,0","2.670,0","18,72M","-0,74%"
"23.05.2010","2.710,0","2.635,0","2.710,0","2.590,0","35,81M","3,04%"
"16.05.2010","2.630,0","2.740,0","2.770,0","2.625,0","29,67M","-4,01%"
"09.05.2010","2.740,0","2.740,0","2.780,0","2.700,0","40,19M","2,62%"
"02.05.2010","2.670,0","2.770,0","2.795,0","2.580,0","58,00M","-3,44%"
"25.04.2010","2.765,0","2.770,0","2.790,0","2.725,0","49,20M","-0,54%"
"18.04.2010","2.780,0","2.685,0","2.780,0","2.670,0","42,97M","3,35%"
"11.04.2010","2.690,0","2.715,0","2.730,0","2.685,0","27,05M","-1,28%"
"04.04.2010","2.725,0","2.700,0","2.745,0","2.695,0","36,86M","0,93%"
"28.03.2010","2.700,0","2.685,0","2.700,0","2.670,0","6,09M","0,93%"
"21.03.2010","2.675,0","2.690,0","2.700,0","2.665,0","19,57M","-0,93%"
"14.03.2010","2.700,0","2.670,0","2.720,0","2.640,0","35,58M","0,75%"
"07.03.2010","2.680,0","2.625,0","2.720,0","2.620,0","59,48M","2,10%"
"28.02.2010","2.625,0","2.570,0","2.625,0","2.545,0","28,88M","2,54%"
"21.02.2010","2.560,0","2.480,0","2.600,0","2.480,0","57,03M","2,61%"
"14.02.2010","2.495,0","2.470,0","2.505,0","2.460,0","31,55M","0,60%"
"07.02.2010","2.480,0","2.405,0","2.500,0","2.400,0","31,48M","2,69%"
"31.01.2010","2.415,0","2.450,0","2.460,0","2.405,0","23,52M","-1,63%"
"24.01.2010","2.455,0","2.415,0","2.480,0","2.360,0","52,46M","2,29%"
"17.01.2010","2.400,0","2.475,0","2.475,0","2.370,0","37,12M","-2,83%"
"10.01.2010","2.470,0","2.480,0","2.480,0","2.425,0","16,90M","0,00%"
"03.01.2010","2.470,0","2.505,0","2.515,0","2.430,0","15,04M","-0,60%"
"27.12.2009","2.485,0","2.465,0","2.495,0","2.455,0","3,80M","0,20%"
"20.12.2009","2.480,0","2.430,0","2.480,0","2.420,0","18,45M","1,64%"
"13.12.2009","2.440,0","2.500,0","2.530,0","2.425,0","58,84M","-2,59%"
"06.12.2009","2.505,0","2.595,0","2.595,0","2.495,0","39,64M","-3,65%"
"29.11.2009","2.600,0","2.590,0","2.615,0","2.505,0","55,38M","-0,19%"
"22.11.2009","2.605,0","2.595,0","2.630,0","2.575,0","28,52M","0,97%"
"15.11.2009","2.580,0","2.650,0","2.655,0","2.570,0","38,19M","-2,46%"
"08.11.2009","2.645,0","2.625,0","2.710,0","2.625,0","38,23M","1,15%"
"01.11.2009","2.615,0","2.550,0","2.645,0","2.480,0","32,74M","2,55%"
"25.10.2009","2.550,0","2.650,0","2.650,0","2.550,0","46,11M","-3,23%"
"18.10.2009","2.635,0","2.685,0","2.720,0","2.630,0","36,77M","-1,68%"
"11.10.2009","2.680,0","2.700,0","2.710,0","2.640,0","29,79M","-0,37%"
"04.10.2009","2.690,0","2.700,0","2.720,0","2.690,0","23,69M","-0,37%"
"27.09.2009","2.700,0","2.700,0","2.735,0","2.655,0","49,35M","0,19%"
"20.09.2009","2.695,0","2.670,0","2.710,0","2.640,0","34,69M","0,00%"
"13.09.2009","2.695,0","2.610,0","2.720,0","2.595,0","37,64M","3,06%"
"06.09.2009","2.615,0","2.660,0","2.735,0","2.605,0","46,02M","-1,13%"
"30.08.2009","2.645,0","2.685,0","2.695,0","2.570,0","54,89M","-2,04%"
"23.08.2009","2.700,0","2.750,0","2.760,0","2.680,0","34,49M","-1,28%"
"16.08.2009","2.735,0","2.740,0","2.770,0","2.710,0","49,52M","-0,55%"
"09.08.2009","2.750,0","2.785,0","2.840,0","2.725,0","72,74M","-1,26%"
"02.08.2009","2.785,0","2.790,0","2.805,0","2.755,0","28,10M","0,36%"
"26.07.2009","2.775,0","2.780,0","2.790,0","2.635,0","82,79M","0,00%"
"19.07.2009","2.775,0","2.640,0","2.820,0","2.640,0","99,24M","5,31%"
"12.07.2009","2.635,0","2.470,0","2.645,0","2.470,0","68,10M","4,98%"
"05.07.2009","2.510,0","2.585,0","2.590,0","2.460,0","68,77M","-3,09%"
"28.06.2009","2.590,0","2.545,0","2.620,0","2.545,0","62,39M","1,77%"
"21.06.2009","2.545,0","2.500,0","2.550,0","2.475,0","59,82M","0,99%"
"14.06.2009","2.520,0","2.515,0","2.560,0","2.435,0","63,35M","0,60%"
"07.06.2009","2.505,0","2.415,0","2.520,0","2.395,0","75,25M","3,73%"
"31.05.2009","2.415,0","2.395,0","2.445,0","2.375,0","71,99M","1,26%"
"24.05.2009","2.385,0","2.315,0","2.395,0","2.315,0","43,62M","2,58%"
"17.05.2009","2.325,0","2.280,0","2.410,0","2.275,0","71,23M","2,20%"
"10.05.2009","2.275,0","2.300,0","2.320,0","2.250,0","51,73M","-2,36%"
"03.05.2009","2.330,0","2.140,0","2.330,0","2.130,0","60,97M","9,91%"
"26.04.2009","2.120,0","2.115,0","2.155,0","2.110,0","28,60M","-0,47%"
"19.04.2009","2.130,0","2.115,0","2.135,0","2.085,0","31,36M","0,47%"
"12.04.2009","2.120,0","2.160,0","2.160,0","2.105,0","36,14M","-2,97%"
"05.04.2009","2.185,0","2.160,0","2.195,0","2.160,0","14,36M","0,92%"
"29.03.2009","2.165,0","2.125,0","2.180,0","2.105,0","50,44M","1,17%"
"22.03.2009","2.140,0","2.130,0","2.160,0","2.105,0","31,64M","0,71%"
"15.03.2009","2.125,0","2.080,0","2.130,0","2.075,0","54,71M","1,67%"
"08.03.2009","2.090,0","2.075,0","2.095,0","2.060,0","46,00M","0,72%"
"01.03.2009","2.075,0","2.120,0","2.120,0","2.040,0","49,92M","-1,43%"
"22.02.2009","2.105,0","2.060,0","2.110,0","2.000,0","53,27M","2,93%"
"15.02.2009","2.045,0","2.140,0","2.165,0","2.025,0","60,63M","-4,88%"
"08.02.2009","2.150,0","2.160,0","2.175,0","2.110,0","56,31M","0,00%"
"01.02.2009","2.150,0","2.030,0","2.150,0","2.020,0","67,40M","5,39%"
"25.01.2009","2.040,0","2.010,0","2.040,0","2.000,0","45,12M","2,00%"
"18.01.2009","2.000,0","1.995,0","2.010,0","1.960,0","49,92M","0,50%"
"11.01.2009","1.990,0","2.020,0","2.045,0","1.985,0","43,43M","-3,16%"
"04.01.2009","2.055,0","2.020,0","2.095,0","2.010,0","39,64M","1,99%"
"28.12.2008","2.015,0","2.020,0","2.030,0","2.000,0","11,96M","0,50%"
"21.12.2008","2.005,0","2.115,0","2.115,0","1.990,0","39,63M","-0,50%"
"14.12.2008","2.015,0","2.110,0","2.150,0","1.965,0","109,15M","-2,66%"
"07.12.2008","2.070,0","2.000,0","2.095,0","1.940,0","97,96M","5,61%"
"30.11.2008","1.960,0","1.990,0","2.020,0","1.940,0","76,28M","-2,49%"
"23.11.2008","2.010,0","1.900,0","2.065,0","1.895,0","92,08M","7,77%"
"16.11.2008","1.865,0","1.965,0","1.990,0","1.860,0","68,44M","-6,75%"
"09.11.2008","2.000,0","2.040,0","2.085,0","1.810,0","100,88M","0,76%"
"02.11.2008","1.985,0","1.995,0","2.050,0","1.880,0","71,98M","0,25%"
"26.10.2008","1.980,0","1.820,0","2.025,0","1.760,0","132,53M","4,49%"
"19.10.2008","1.895,0","2.155,0","2.180,0","1.865,0","120,28M","-10,40%"
"12.10.2008","2.115,0","2.310,0","2.340,0","1.965,0","137,15M","1,44%"
"05.10.2008","2.085,0","2.500,0","2.540,0","2.085,0","182,60M","-19,34%"
"28.09.2008","2.585,0","2.580,0","2.605,0","2.450,0","74,37M","-0,96%"
"21.09.2008","2.610,0","2.650,0","2.650,0","2.520,0","74,83M","1,16%"
"14.09.2008","2.580,0","2.600,0","2.895,0","2.450,0","192,30M","-3,55%"
"07.09.2008","2.675,0","2.640,0","2.795,0","2.560,0","123,54M","2,88%"
"31.08.2008","2.600,0","2.715,0","2.730,0","2.545,0","125,78M","-0,57%"
"24.08.2008","2.615,0","2.488,1","2.615,0","2.475,0","83,13M","4,39%"
"17.08.2008","2.505,0","2.415,0","2.580,0","2.415,0","69,54M","2,24%"
"10.08.2008","2.450,0","2.460,0","2.505,0","2.335,0","111,15M","-0,41%"
"03.08.2008","2.460,0","2.580,0","2.600,0","2.440,0","50,56M","-4,28%"
"27.07.2008","2.570,0","2.490,0","2.615,0","2.435,0","86,20M","2,80%"
"20.07.2008","2.500,0","2.470,0","2.540,0","2.455,0","60,12M","0,40%"
"13.07.2008","2.490,0","2.625,0","2.625,0","2.450,0","97,38M","-4,41%"
"06.07.2008","2.605,0","2.695,0","2.725,0","2.600,0","78,92M","-4,23%"
"29.06.2008","2.720,0","2.630,0","2.730,0","2.560,0","55,53M","4,02%"
"22.06.2008","2.615,0","2.620,0","2.695,0","2.555,0","60,46M","0,19%"
"15.06.2008","2.610,0","2.800,0","2.800,0","2.565,0","105,75M","-5,78%"
"08.06.2008","2.770,0","2.850,0","2.855,0","2.750,0","73,64M","-2,64%"
"01.06.2008","2.845,0","2.785,0","2.860,0","2.725,0","91,18M","1,25%"
"25.05.2008","2.810,0","2.810,0","2.895,0","2.750,0","99,85M","-1,23%"
"18.05.2008","2.845,0","2.800,0","2.920,0","2.740,0","145,68M","2,52%"
"11.05.2008","2.775,0","2.925,0","2.950,0","2.695,0","176,81M","-2,12%"
"04.05.2008","2.835,0","2.735,0","2.980,0","2.650,0","222,32M","6,98%"
"27.04.2008","2.650,0","2.400,0","2.690,0","2.265,0","129,80M","10,42%"
"20.04.2008","2.400,0","2.355,0","2.430,0","2.235,0","146,01M","3,00%"
"13.04.2008","2.330,0","2.180,0","2.345,0","2.000,0","109,86M","6,39%"
"06.04.2008","2.190,0","2.245,0","2.245,0","2.010,0","92,50M","-0,90%"
"30.03.2008","2.210,0","2.090,0","2.215,0","2.010,0","74,96M","5,74%"
"23.03.2008","2.090,0","2.080,0","2.150,0","2.030,0","79,12M","1,21%"
"16.03.2008","2.065,0","2.050,0","2.085,0","2.050,0","27,40M","-1,43%"
"09.03.2008","2.095,0","2.005,0","2.105,0","1.990,0","110,58M","5,54%"
"02.03.2008","1.985,0","1.990,0","2.000,0","1.910,0","129,61M","-1,24%"
"24.02.2008","2.010,0","1.940,0","2.010,0","1.900,0","92,99M","3,08%"
"17.02.2008","1.950,0","1.905,0","1.975,0","1.860,0","95,19M","2,63%"
"10.02.2008","1.900,0","1.805,0","1.985,0","1.775,0","118,20M","7,34%"
"03.02.2008","1.770,0","1.780,0","1.815,0","1.680,0","88,50M","0,57%"
"27.01.2008","1.760,0","1.750,0","1.805,0","1.705,0","84,98M","-1,68%"
"20.01.2008","1.790,0","1.600,0","1.970,0","1.500,0","184,36M","3,77%"
"13.01.2008","1.725,0","1.990,0","1.990,0","1.690,0","123,70M","-13,53%"
"06.01.2008","1.995,0","2.020,0","2.020,0","1.985,0","21,11M","-1,48%"
"30.12.2007","2.025,0","2.015,0","2.035,0","2.005,0","6,13M","0,25%"
"23.12.2007","2.020,0","2.015,0","2.045,0","2.000,0","20,62M","0,25%"
"16.12.2007","2.015,0","2.020,0","2.040,0","1.920,0","99,91M","0,00%"
"09.12.2007","2.015,0","1.985,0","2.080,0","1.970,0","86,75M","1,26%"
"02.12.2007","1.990,0","1.960,0","2.075,0","1.855,0","150,44M","-1,00%"